id,post_id,user_id,inspired_at
1,588,1,2023-12-31 09:06:27
2,152,1,2023-12-31 09:07:32
3,415,1,2023-12-31 09:10:09
4,558,1,2023-12-31 09:11:23
5,549,1,2023-12-31 09:11:28
6,586,1,2023-12-31 09:11:40
7,97,1,2023-12-31 09:13:08
8,590,1,2023-12-31 10:09:13
9,52,1,2023-12-31 10:09:33
10,19,1,2023-12-31 10:09:40
11,583,1,2023-12-31 10:09:46
13,491,1,2023-12-31 10:10:00
15,148,1,2023-12-31 10:10:09
16,560,1,2023-12-31 10:10:16
17,86,1,2023-12-31 10:10:30
18,469,1,2023-12-31 10:10:36
19,546,1,2023-12-31 10:23:43
20,540,1,2023-12-31 10:23:50
21,626,1,2023-12-31 15:45:20
22,570,1,2023-12-31 15:45:42
23,14,1,2024-01-05 13:50:52
24,513,1,2024-01-05 13:50:59
25,512,1,2024-01-05 13:51:09
26,516,1,2024-01-05 13:51:23
27,517,1,2024-01-05 13:51:30
28,142,1,2024-01-05 13:51:58
29,143,1,2024-01-05 13:52:10
30,150,1,2024-01-05 13:52:31
31,151,1,2024-01-05 13:52:40
32,153,1,2024-01-05 13:52:53
33,154,1,2024-01-05 13:53:01
34,155,1,2024-01-05 13:53:13
35,158,1,2024-01-05 13:53:28
36,159,1,2024-01-05 13:53:41
37,160,1,2024-01-05 13:53:56
38,161,1,2024-01-05 13:54:08
39,163,1,2024-01-05 13:54:17
40,164,1,2024-01-05 13:54:20
41,151,18,2024-01-06 09:47:51
42,588,118,2024-01-11 19:28:47
43,512,47,2024-01-11 21:42:47
44,143,18,2024-01-11 21:57:31
45,19,18,2024-01-13 09:55:17
46,426,18,2024-01-14 01:07:22
47,154,18,2024-01-14 07:12:14
48,551,18,2024-01-15 01:04:43
49,590,18,2024-01-15 02:15:29
50,583,123,2024-01-15 06:19:17
51,633,1,2024-01-15 15:38:40
52,588,127,2024-01-16 14:18:34
55,31,1,2024-01-16 17:44:06
56,31,18,2024-01-16 20:52:36
57,631,19,2024-01-19 08:34:02
58,33,18,2024-01-22 05:58:15
59,494,18,2024-01-22 06:00:13
60,461,18,2024-01-22 06:02:07
61,453,18,2024-01-22 06:03:53
62,438,18,2024-01-22 06:04:49
63,437,18,2024-01-22 06:04:57
64,428,18,2024-01-22 06:06:22
65,427,18,2024-01-22 06:06:29
66,425,18,2024-01-22 06:07:02
67,422,18,2024-01-22 06:07:29
68,516,47,2024-01-29 22:46:13
69,33,1,2024-01-31 22:37:50
70,629,19,2024-02-01 12:25:49
71,82,18,2024-02-10 03:21:15
72,81,19,2024-03-19 05:56:21
73,588,159,2024-03-19 10:23:25
74,58,159,2024-03-19 10:25:25
75,590,19,2024-03-19 11:25:00
76,560,159,2024-03-20 09:53:09
77,551,159,2024-03-20 09:55:12
78,422,160,2024-03-21 10:44:15
79,503,5,2024-03-28 20:20:40
80,517,5,2024-03-28 20:21:26
81,40,5,2024-03-29 12:00:55
82,654,19,2024-03-30 09:30:03
83,660,1,2024-03-30 15:27:16
84,153,152,2024-03-30 16:53:00
85,686,19,2024-04-01 14:52:02
86,685,1,2024-04-01 15:26:35
87,725,19,2024-04-03 14:12:58
88,727,19,2024-04-03 14:13:27
89,510,5,2024-04-03 14:29:58
90,560,9,2024-04-03 14:47:52
91,328,9,2024-04-03 14:55:36
92,571,9,2024-04-03 15:00:15
93,411,9,2024-04-03 15:05:06
94,726,19,2024-04-03 16:37:05
95,724,19,2024-04-03 16:38:16
96,60,152,2024-04-04 07:27:54
97,560,160,2024-04-04 13:56:28
98,770,19,2024-04-04 17:42:15
99,560,18,2024-04-07 00:55:43
100,635,19,2024-04-08 13:55:24
101,814,5,2024-04-13 02:25:29
102,549,152,2024-04-14 11:25:15
103,701,5,2024-04-15 12:01:02
104,159,19,2024-04-16 16:22:17
105,625,19,2024-04-17 11:22:42
106,86,5,2024-04-18 13:33:31
108,560,192,2024-04-22 06:18:44
109,1060,19,2024-04-25 18:06:39
111,44,19,2024-05-07 09:58:34
112,1064,1,2024-05-07 17:39:51
113,171,5,2024-05-08 14:24:11
114,1065,18,2024-05-15 01:50:31
115,658,5,2024-05-23 07:41:42
117,619,19,2024-06-03 13:30:54
118,1030,292,2024-06-11 12:19:46
119,560,362,2024-06-17 16:33:00
120,1032,346,2024-06-18 07:29:48
121,1073,470,2024-06-20 08:27:07
122,1066,470,2024-06-20 08:39:39
123,56,417,2024-06-22 06:37:29
124,788,9,2024-06-27 12:24:43
125,1030,19,2024-07-02 19:34:26
126,31,732,2024-07-03 20:17:16
127,56,5,2024-07-04 06:24:59
128,560,19,2024-07-11 13:58:48
130,1060,803,2024-07-17 01:20:29
131,796,1,2024-07-21 14:35:39
132,972,1,2024-07-21 14:36:12
133,856,5,2024-07-23 08:24:33
134,30,152,2024-07-23 23:50:40
135,1057,19,2024-07-29 19:04:26
136,948,5,2024-08-05 07:24:51
139,1098,19,2024-08-09 10:57:51
140,1096,19,2024-08-09 10:58:59
141,512,5,2024-08-13 17:40:16
142,1153,1,2024-08-18 13:01:34
143,1152,1,2024-08-18 13:02:26
144,1151,1,2024-08-18 13:03:01
145,1150,1,2024-08-18 13:03:27
146,1149,1,2024-08-18 13:04:00
147,1148,1,2024-08-18 13:04:32
148,1147,1,2024-08-18 13:05:04
149,1145,1,2024-08-18 13:05:19
150,1142,1,2024-08-18 13:06:39
151,1141,1,2024-08-18 13:06:43
152,1140,1,2024-08-18 13:07:30
153,1139,1,2024-08-18 13:08:47
154,1138,1,2024-08-18 13:09:16
155,1137,949,2024-08-21 14:54:28
156,1182,19,2024-08-25 11:21:11
157,1140,19,2024-08-25 11:22:30
158,1140,960,2024-08-26 10:21:12
159,52,958,2024-08-26 13:16:06
160,143,964,2024-08-27 06:44:06
162,1214,19,2024-08-29 16:58:27
163,1207,5,2024-09-12 08:19:05
164,1226,5,2024-09-12 08:19:22
165,941,979,2024-09-17 09:32:30
168,1227,39,2024-09-21 16:39:34
169,1246,5,2024-09-25 15:03:04
170,697,5,2024-10-01 16:32:32
171,1312,1010,2024-10-11 11:50:36
172,813,1,2024-11-19 10:22:04
173,813,1,2024-11-19 10:22:04
174,813,1,2024-11-19 10:22:04
175,1100,1,2024-11-19 11:03:00
176,693,1,2024-11-19 11:31:21
177,693,1,2024-11-19 11:31:21
178,59,1,2024-11-19 11:33:03
179,863,1,2024-11-19 11:33:21
180,147,1,2024-11-19 11:33:38
181,147,1,2024-11-19 11:33:38
182,147,1,2024-11-19 11:33:38
183,696,1,2024-11-19 11:34:59
184,696,1,2024-11-19 11:34:59
185,252,1,2024-11-19 11:35:33
186,1119,1,2024-11-19 11:37:10
187,1217,1,2024-11-19 11:38:17
188,788,1,2024-11-19 11:38:34
189,1251,1,2024-11-19 11:40:16
190,548,1,2024-11-20 07:01:08
191,655,1,2024-11-20 07:08:30
192,423,1,2024-11-20 07:09:19
193,779,1,2024-11-20 07:12:13
194,817,1,2024-11-20 07:12:38
195,899,1,2024-11-20 07:13:11
196,1231,1,2024-11-20 07:14:08
197,177,1,2024-11-20 07:14:34
198,168,1,2024-11-20 07:15:15
199,1111,1,2024-11-20 07:18:03
200,699,1,2024-11-20 07:28:29
201,699,1,2024-11-20 07:28:29
202,100,1,2024-11-20 07:42:22
203,100,1,2024-11-20 07:42:22
204,773,1,2024-11-20 07:54:58
205,773,1,2024-11-20 07:54:58
206,1214,1,2024-11-20 07:57:01
207,414,1,2024-11-20 07:58:59
208,414,1,2024-11-20 07:58:59
209,414,1,2024-11-20 07:58:59
210,1224,18,2024-11-20 21:09:58
211,694,18,2024-11-20 21:19:03
212,1251,18,2024-11-20 21:19:13
213,1340,1123,2024-11-23 17:31:50
214,64,1,2024-11-29 11:29:04
215,1365,5,2024-11-29 19:10:45
216,1316,1010,2024-12-05 09:10:36
217,1394,5,2024-12-06 09:45:47
219,1400,1197,2024-12-06 12:23:12
220,1224,1197,2024-12-06 12:23:45
221,1243,1197,2024-12-06 12:26:52
222,631,1105,2024-12-06 16:18:19
223,1214,1105,2024-12-06 16:26:08
224,1533,1202,2024-12-06 19:02:41
